32,31,31,30,30,29,29,29,28,28,27,27,26,26,25,25,24,24,23,22,22,21,21,20,19,18,18,17,16,16,15,15,14,14,13,13,13,12,12,12,12,11,11,11,11,10,10,10,9,9,9,8,8,8,8,8,NaN
11,10,10,9,9,9,8,8,8,8,7,7,7,7,7,6,6,6,6,6,6,6,6,6,5,5,5,5,5,5,5,6,6,6,6,6,6,6,6,5,5,5,5,5,5,5,6,6,6,6,6,6,7,7,7,7,NaN
20,19,19,19,18,18,17,17,17,16,16,16,15,15,15,14,14,13,12,12,11,10,9,8,8,7,7,6,6,6,6,6,6,5,5,5,5,5,5,5,5,5,5,5,4,4,5,5,5,5,5,5,5,5,5,5,NaN
NaN,NaN,NaN,NaN,NaN,NaN,NaN,NaN,NaN,NaN,NaN,NaN,NaN,NaN,NaN,NaN,NaN,NaN,NaN,NaN,NaN,NaN,NaN,NaN,NaN,NaN,NaN,NaN,NaN,NaN,NaN,NaN,NaN,NaN,NaN,NaN,NaN,NaN,NaN,NaN,NaN,NaN,NaN,NaN,NaN,NaN,4,NaN,NaN,NaN,NaN,NaN,NaN,NaN,4,NaN,NaN
NaN,NaN,NaN,NaN,NaN,NaN,NaN,NaN,NaN,NaN,NaN,NaN,NaN,NaN,NaN,NaN,NaN,NaN,NaN,NaN,NaN,NaN,NaN,NaN,NaN,NaN,NaN,NaN,NaN,NaN,NaN,NaN,NaN,NaN,NaN,NaN,NaN,NaN,NaN,NaN,NaN,NaN,NaN,NaN,3,3,3,2,2,3,2,NaN,3,NaN,NaN,NaN,NaN
32,31,31,30,30,29,29,28,28,27,27,27,26,26,25,25,25,25,24,24,24,24,24,24,24,23,23,23,23,23,23,23,23,22,22,22,21,21,20,20,19,18,18,17,17,16,16,15,15,15,14,14,14,14,13,13,NaN
9,8,8,8,8,8,8,7,7,7,7,7,6,6,6,6,6,6,6,6,6,6,6,6,6,6,6,6,6,7,7,7,7,7,7,7,7,7,7,6,6,6,6,6,6,6,6,6,6,6,6,6,6,6,6,6,NaN
19,19,18,18,17,17,17,16,16,15,15,14,14,14,13,13,12,12,12,11,11,10,10,10,9,9,9,8,8,8,8,7,7,7,7,7,7,6,6,6,6,6,6,6,6,6,6,6,6,6,5,5,5,5,5,5,NaN
8,8,8,8,8,8,8,9,9,9,9,9,9,8,8,8,8,8,8,8,8,8,8,8,8,8,8,8,8,8,8,8,8,8,8,7,7,7,7,7,7,7,7,7,7,7,7,7,7,7,7,7,7,7,7,7,NaN
9,9,8,8,8,7,7,6,6,6,6,6,6,5,5,6,6,6,6,6,6,6,6,6,6,7,7,7,7,8,8,8,8,8,8,8,8,8,8,8,8,8,8,8,8,8,8,8,8,8,8,8,8,9,9,9,NaN
6,6,6,6,5,5,5,5,5,5,5,5,5,5,5,5,6,6,6,6,6,6,6,6,6,6,6,6,7,7,7,7,7,7,6,6,6,6,6,6,6,7,7,7,7,7,7,7,7,7,7,8,8,8,8,8,NaN
8,8,8,8,9,8,8,8,9,8,9,8,8,8,8,7,8,7,7,7,7,7,7,7,7,6,7,7,7,7,7,6,7,6,7,6,7,7,6,6,6,6,6,6,6,6,6,6,6,6,6,6,6,6,6,6,NaN
12,12,12,12,12,13,12,12,12,13,13,13,12,12,12,12,12,12,12,12,12,12,12,12,11,11,11,11,11,10,10,10,10,10,10,10,10,10,9,9,9,9,9,9,9,9,9,9,9,9,9,9,9,9,9,9,NaN
12,12,12,11,11,11,10,10,9,9,8,8,8,8,8,8,8,8,8,8,8,6,6,6,6,6,6,6,6,6,6,6,7,7,7,6,6,6,5,5,5,5,5,6,6,6,6,6,6,5,5,5,5,5,5,5,NaN
8,8,7,7,7,7,6,6,6,6,6,6,6,6,6,6,6,5,5,5,5,5,5,5,5,5,5,5,5,5,5,5,5,5,5,5,5,5,5,5,5,5,5,5,5,5,5,5,5,5,5,5,6,6,6,6,NaN
14,13,12,11,10,10,9,8,8,7,7,6,6,6,5,5,5,4,4,4,4,4,4,3,3,3,3,3,3,3,3,3,3,3,3,3,3,2,2,2,2,2,2,2,2,2,2,2,2,2,2,2,2,2,2,2,NaN
20,19,19,18,18,18,17,17,18,18,18,19,19,18,18,17,16,16,15,14,14,13,13,13,12,12,12,11,11,10,10,9,9,9,8,8,7,7,7,7,6,6,6,6,6,6,6,5,5,5,5,5,5,5,5,5,NaN
12,12,11,11,11,11,10,10,10,10,10,10,10,10,10,10,10,10,10,10,10,10,10,10,10,10,10,9,9,9,9,9,9,9,9,9,9,9,9,9,9,10,10,10,10,10,10,10,10,10,10,10,10,10,10,10,NaN
9,9,9,9,9,9,9,8,8,8,8,9,9,9,9,9,8,8,9,9,9,9,9,9,10,10,9,9,10,10,10,11,11,12,12,13,13,13,13,14,13,14,14,14,14,14,14,13,14,14,14,14,13,13,12,12,NaN
12,11,12,12,11,12,12,12,12,12,12,12,12,12,11,12,12,11,11,11,11,11,11,11,11,11,11,10,10,10,10,10,10,10,10,10,10,10,10,10,10,10,10,10,9,9,9,9,9,9,9,9,9,9,9,9,NaN
11,10,10,10,9,9,9,9,8,8,8,8,7,7,7,7,7,7,7,6,6,6,6,5,5,5,5,5,5,5,5,5,5,5,5,5,6,6,6,6,6,5,5,5,5,5,5,5,5,5,5,5,5,5,5,5,NaN
28,28,27,27,26,26,25,25,24,24,23,22,22,21,21,21,20,20,19,19,19,18,18,17,17,16,16,15,15,14,14,14,13,13,13,13,13,12,12,12,12,12,11,11,11,10,10,10,10,10,9,9,9,9,9,9,NaN
9,NaN,7,NaN,NaN,NaN,7,NaN,NaN,NaN,7,8,7,6,6,7,6,6,6,6,7,NaN,NaN,NaN,7,NaN,NaN,NaN,NaN,7,7,7,7,8,8,7,6,NaN,NaN,NaN,8,7,6,7,6,7,7,7,6,7,7,6,6,6,7,7,NaN
31,30,30,30,29,29,28,28,27,26,26,25,24,23,23,22,21,20,20,19,18,18,17,17,16,16,15,15,14,13,13,12,12,11,11,10,10,10,9,9,8,8,8,7,7,7,6,6,6,6,6,6,6,6,6,6,NaN
23,23,22,22,22,21,21,20,20,20,19,19,19,18,18,17,17,17,16,16,16,15,15,15,14,14,14,13,13,13,12,12,12,11,11,11,11,10,10,10,10,9,9,9,9,8,8,8,8,8,7,7,7,7,7,7,NaN
9,9,8,8,8,8,7,7,7,7,7,6,6,6,6,6,6,6,6,6,6,6,6,6,6,6,6,6,7,7,7,7,8,8,8,8,8,8,8,8,8,8,8,8,8,8,9,9,9,9,9,10,10,10,10,10,NaN
16,16,15,15,15,14,14,14,13,13,13,12,12,11,11,10,10,10,9,9,9,8,8,8,7,7,7,7,7,7,7,7,7,8,9,10,11,12,13,13,14,14,14,13,12,11,10,9,8,7,7,7,7,7,7,7,NaN
13,13,12,12,12,11,11,11,10,10,10,9,9,9,9,9,9,8,8,8,8,8,8,8,8,7,7,7,7,7,7,7,6,6,6,6,6,6,6,6,6,5,5,5,5,5,5,5,5,5,5,6,6,6,6,6,NaN
NaN,NaN,NaN,NaN,NaN,NaN,NaN,NaN,NaN,NaN,NaN,NaN,NaN,NaN,NaN,NaN,NaN,NaN,NaN,NaN,NaN,NaN,NaN,NaN,NaN,NaN,NaN,NaN,NaN,NaN,NaN,NaN,NaN,NaN,NaN,NaN,NaN,NaN,NaN,NaN,NaN,NaN,NaN,NaN,NaN,NaN,NaN,NaN,NaN,NaN,NaN,NaN,NaN,NaN,NaN,NaN,NaN
9,8,8,8,7,7,7,6,6,6,6,6,6,5,5,5,5,5,5,5,4,4,4,4,4,4,4,3,3,3,3,3,3,3,3,3,3,3,3,3,2,2,2,2,2,2,2,2,2,3,2,2,2,2,2,3,NaN
8,7,8,8,7,8,8,9,8,9,9,9,9,9,9,10,10,10,10,10,11,10,11,11,11,12,11,12,12,12,12,12,12,12,13,13,14,14,14,13,14,14,14,14,14,14,14,15,14,14,14,14,15,14,15,15,NaN
28,28,27,27,26,26,26,25,25,25,24,24,23,23,23,22,22,21,21,20,19,19,18,18,17,17,17,17,17,17,17,16,16,16,16,16,16,16,16,15,15,15,14,14,13,13,12,11,11,10,10,10,10,9,9,9,NaN
23,22,22,22,21,21,21,21,21,20,20,20,20,20,20,19,19,19,19,18,18,18,18,18,17,17,17,17,17,17,17,18,17,17,17,16,16,15,14,14,14,13,13,13,13,13,13,13,12,12,12,12,11,11,11,11,NaN
20,19,19,18,18,17,16,16,15,14,14,13,13,12,12,12,11,11,11,10,10,10,9,9,9,9,8,8,8,8,8,7,7,7,7,6,6,6,6,6,5,5,5,5,5,5,5,5,5,5,5,5,5,5,5,5,NaN
21,21,21,21,21,20,20,19,19,19,19,22,26,32,39,46,51,54,53,50,43,36,28,21,17,14,13,12,12,12,12,12,12,11,11,11,11,10,10,9,9,8,8,8,7,7,7,6,6,6,6,6,6,6,6,6,NaN
22,22,21,21,21,20,20,20,19,19,19,18,18,18,17,17,17,16,16,16,15,15,15,15,14,14,14,14,14,14,13,13,13,13,13,13,13,13,13,13,13,13,13,13,13,13,13,13,13,12,12,12,12,11,11,11,NaN
7,7,7,7,7,7,7,7,7,7,7,7,7,7,7,7,7,7,7,7,7,7,7,7,7,7,7,7,7,7,7,7,6,6,7,7,7,7,7,7,7,7,7,7,7,7,7,7,7,7,7,7,7,7,7,7,NaN
9,9,9,9,8,8,8,8,8,8,8,7,7,7,7,7,7,7,7,7,7,7,7,7,7,7,7,7,7,7,7,7,7,7,7,7,7,7,7,7,7,7,7,7,7,7,7,7,7,7,7,7,7,7,7,7,NaN
NaN,NaN,NaN,NaN,NaN,NaN,NaN,NaN,NaN,NaN,NaN,NaN,NaN,NaN,NaN,NaN,NaN,NaN,NaN,NaN,NaN,NaN,NaN,NaN,NaN,NaN,NaN,NaN,NaN,NaN,NaN,NaN,NaN,NaN,NaN,NaN,NaN,NaN,NaN,NaN,NaN,NaN,NaN,NaN,NaN,NaN,NaN,2,NaN,2,2,3,3,3,2,NaN,NaN
27,27,27,26,26,25,25,24,23,23,22,22,21,20,20,19,18,18,17,17,17,17,16,16,16,16,16,16,16,16,16,16,17,17,17,17,18,18,18,18,19,19,19,18,18,18,18,17,17,16,16,15,15,14,14,14,NaN
8,8,9,8,8,8,8,9,9,9,9,9,9,9,9,9,10,10,10,10,10,10,10,10,11,11,11,11,10,11,11,11,11,11,11,11,11,11,11,11,11,11,11,11,11,11,11,11,11,11,11,11,11,11,11,11,NaN
26,26,25,25,25,25,24,24,24,23,23,23,22,22,22,21,21,21,21,21,20,20,20,20,20,19,19,19,19,19,19,18,18,18,18,18,18,18,18,17,17,17,17,17,17,17,16,16,16,15,15,15,14,14,14,13,NaN
12,12,12,12,12,12,12,12,12,12,11,11,11,11,11,11,11,11,11,11,11,11,11,11,11,11,11,11,10,10,10,10,10,10,10,10,10,10,10,9,9,9,9,9,9,9,9,8,8,8,8,8,8,8,9,9,NaN
12,12,11,11,11,10,10,10,10,9,9,9,8,8,8,8,8,7,7,7,7,7,7,7,6,6,6,6,6,6,6,6,5,5,5,5,5,5,5,5,5,5,5,5,5,5,5,5,5,5,5,5,5,5,5,5,NaN
25,14,10,10,11,9,8,8,8,8,7,7,7,7,7,7,7,6,6,6,6,6,6,6,6,6,6,6,6,6,6,6,6,6,6,6,6,6,6,6,6,6,6,6,6,6,6,6,7,7,7,7,7,7,7,7,NaN
12,11,11,11,10,10,10,10,9,9,9,9,8,8,8,8,7,7,7,7,7,6,6,6,6,6,6,6,6,6,6,6,6,6,6,5,5,5,5,5,5,5,5,5,5,5,5,5,5,5,5,5,5,5,5,5,NaN
23,23,22,22,21,21,21,20,20,19,19,18,18,18,17,17,17,16,16,16,15,15,14,14,13,13,13,12,12,11,11,11,10,10,10,9,9,9,9,9,9,9,9,9,9,9,8,8,8,8,8,7,7,7,7,7,NaN
22,22,22,22,21,21,21,21,20,20,20,20,19,19,19,19,19,19,18,18,18,18,18,18,17,17,17,17,17,17,16,16,16,16,16,16,16,16,16,16,16,15,15,14,14,13,13,12,12,11,11,11,10,10,10,10,NaN
17,16,16,15,15,15,15,14,14,14,14,14,13,13,13,13,13,13,12,12,12,12,12,12,11,11,11,11,12,12,12,12,12,13,13,13,14,14,14,14,14,14,14,14,13,13,12,11,11,10,10,9,9,8,8,8,NaN
10,9,9,8,8,8,7,7,7,6,6,6,6,5,5,5,5,5,5,4,4,4,4,4,4,4,4,4,4,4,4,4,3,3,3,3,3,3,3,4,4,4,4,4,4,4,4,4,4,4,4,4,4,4,4,4,NaN
27,27,26,25,25,24,23,23,22,21,21,20,19,19,18,17,17,16,16,15,15,15,14,14,14,13,13,13,13,13,13,13,14,14,14,15,15,16,16,16,17,17,17,16,16,16,15,15,15,14,14,14,14,13,13,13,NaN
10,9,10,9,10,9,8,9,10,10,10,10,10,10,10,10,9,9,10,10,10,11,11,11,11,11,11,11,11,11,10,11,11,11,10,10,11,11,11,11,11,11,11,11,11,11,11,11,11,11,11,11,12,11,12,12,NaN
8,8,8,8,8,7,7,7,7,6,6,6,6,6,6,5,5,5,5,5,5,5,6,6,6,6,6,6,6,6,6,7,7,7,7,7,7,7,7,7,7,7,7,7,7,7,7,7,7,7,7,7,7,7,7,7,NaN
NaN,NaN,NaN,NaN,NaN,NaN,NaN,NaN,NaN,NaN,NaN,NaN,NaN,NaN,NaN,NaN,NaN,NaN,NaN,NaN,NaN,NaN,NaN,NaN,NaN,NaN,NaN,NaN,NaN,NaN,NaN,NaN,NaN,NaN,NaN,NaN,NaN,NaN,NaN,NaN,NaN,NaN,NaN,NaN,NaN,NaN,8,7,8,7,8,8,8,8,8,8,NaN
7,7,7,6,6,6,6,6,6,7,7,7,8,8,8,8,8,8,7,7,7,7,7,7,7,7,7,7,7,7,6,6,6,6,6,6,6,6,6,6,6,6,6,6,6,6,6,6,6,6,6,6,6,6,6,6,NaN
9,9,10,10,10,10,10,11,11,12,12,12,12,12,12,12,12,12,12,12,13,12,12,13,12,12,12,12,12,12,12,12,11,11,11,11,10,10,10,10,10,10,10,10,10,10,10,10,10,10,10,10,10,10,10,10,NaN
9,9,9,9,9,10,10,9,9,9,9,9,10,10,10,10,10,9,10,10,10,11,10,11,11,11,11,11,11,11,11,11,11,12,11,12,11,11,11,11,10,10,10,10,10,10,10,10,9,9,9,9,9,9,9,9,NaN
18,17,17,17,17,16,16,16,15,15,15,14,14,13,13,12,12,12,12,12,11,11,11,11,11,11,10,10,10,10,10,10,10,10,10,10,10,10,10,10,10,10,10,10,10,9,9,9,9,9,9,8,8,8,8,8,NaN
NaN,NaN,NaN,NaN,NaN,NaN,NaN,NaN,NaN,NaN,10,NaN,NaN,NaN,NaN,NaN,7,7,5,4,5,4,5,5,5,NaN,NaN,6,NaN,NaN,8,NaN,5,NaN,7,NaN,7,6,7,NaN,NaN,NaN,7,NaN,NaN,NaN,7,NaN,NaN,NaN,8,NaN,NaN,NaN,8,NaN,NaN
16,15,14,14,13,13,12,12,11,11,10,10,9,9,9,8,8,8,8,8,7,7,7,7,7,7,6,6,6,6,6,6,6,6,5,5,5,5,5,5,5,5,5,5,5,5,5,5,5,5,6,6,6,6,6,6,NaN
20,19,19,18,18,17,17,16,16,16,15,15,14,14,14,13,13,13,12,12,12,12,11,11,11,10,10,10,10,9,9,9,9,9,8,8,8,8,8,8,7,7,7,7,7,7,7,7,7,7,7,7,6,6,6,6,NaN
20,13,10,10,11,10,9,9,9,8,8,8,8,8,8,8,8,7,7,7,7,7,7,7,7,7,7,6,6,6,6,6,6,6,6,6,6,6,6,6,6,6,6,6,6,6,6,6,7,7,7,7,7,7,7,7,NaN
22,14,11,11,12,10,10,9,9,9,8,8,8,8,8,8,8,7,7,7,7,7,7,7,7,7,7,7,6,6,6,6,6,6,6,6,6,6,6,6,6,6,6,6,6,6,6,6,7,7,7,7,7,7,7,7,NaN
23,14,11,11,12,10,10,9,9,9,8,8,8,8,8,8,8,7,7,7,7,7,7,7,7,7,7,7,6,6,6,6,6,6,6,6,6,6,6,6,6,6,6,6,6,6,6,6,6,7,7,7,7,7,7,7,NaN
15,15,14,14,14,13,13,13,12,12,12,11,11,11,10,10,10,9,9,9,8,8,8,7,7,7,7,6,6,6,6,6,5,5,5,5,5,5,5,5,5,5,5,5,5,5,5,5,5,5,5,5,5,5,5,5,NaN
19,18,18,18,17,17,16,16,16,16,15,15,15,14,14,14,13,13,12,12,12,11,11,11,10,10,9,9,9,8,8,8,8,7,7,7,7,6,6,6,6,6,6,6,6,6,6,6,6,6,6,6,6,6,6,6,NaN
17,16,16,15,15,14,14,14,13,13,13,12,12,12,12,12,12,12,11,11,11,11,11,10,10,10,9,9,8,8,8,7,7,7,7,7,6,6,6,6,6,6,6,6,6,6,6,6,6,6,6,6,6,6,6,6,NaN
27,27,27,26,26,26,25,25,25,24,24,24,23,23,23,22,22,22,21,21,21,20,20,20,19,19,19,19,19,18,18,18,17,17,16,16,16,15,15,14,14,14,13,13,13,13,12,12,12,11,11,11,11,10,10,10,NaN
25,25,24,24,24,23,23,22,22,22,21,21,20,20,20,19,19,19,19,18,18,18,18,17,17,17,16,16,16,15,15,14,13,13,12,12,11,10,10,9,9,9,9,8,8,8,8,8,8,7,7,7,7,6,6,6,NaN
10,10,10,10,10,10,10,10,10,11,11,10,11,11,10,11,12,11,12,12,12,12,11,12,12,12,11,11,11,11,12,12,13,14,15,14,13,13,14,13,13,13,13,13,13,12,12,13,12,12,11,11,11,11,11,11,NaN
25,24,23,23,22,22,22,21,21,21,21,21,20,20,20,20,20,20,21,21,21,21,21,21,20,20,19,19,18,18,18,17,17,17,16,16,15,15,14,14,14,13,12,12,11,11,10,9,9,8,8,8,7,7,7,7,NaN
10,10,10,10,10,10,10,10,10,10,10,10,10,10,10,10,10,10,10,10,10,10,10,10,10,10,10,9,9,9,10,9,9,9,9,9,9,9,9,9,9,9,9,9,9,9,9,9,9,9,9,9,9,9,9,10,NaN
10,10,10,10,9,10,9,10,10,10,10,10,10,10,10,10,10,10,10,10,10,10,10,10,10,10,10,10,10,10,10,10,10,10,11,11,10,10,10,10,10,10,10,10,10,10,10,10,10,10,10,9,10,9,9,10,NaN
10,10,10,9,9,9,9,9,9,9,9,9,9,9,9,10,10,10,10,10,10,10,10,10,10,10,9,9,9,9,10,10,10,11,12,12,11,11,11,11,11,11,11,12,12,12,11,11,11,11,11,10,10,10,10,10,NaN
10,9,9,9,9,9,9,9,9,9,9,9,9,9,9,9,10,10,10,10,10,10,10,10,10,10,9,9,9,9,10,10,10,11,12,11,11,11,11,11,11,11,11,12,11,11,11,11,11,10,10,10,10,10,10,10,NaN
10,10,10,10,10,10,10,10,10,10,10,10,10,10,10,10,10,10,10,10,10,10,10,10,10,10,10,10,10,10,10,10,10,10,10,10,10,10,10,10,9,9,9,10,9,9,9,9,9,9,9,9,9,9,9,10,NaN
NaN,NaN,NaN,NaN,NaN,NaN,NaN,NaN,NaN,NaN,NaN,NaN,NaN,NaN,NaN,NaN,NaN,NaN,NaN,NaN,NaN,NaN,NaN,NaN,NaN,7,8,8,9,7,7,8,8,8,8,8,9,8,8,8,7,7,8,8,7,8,8,7,7,8,7,8,8,7,8,7,NaN
11,11,10,10,9,9,9,9,8,8,8,8,8,7,7,7,7,7,7,7,7,7,7,6,6,6,6,6,6,6,6,6,6,6,6,6,6,5,6,6,6,6,6,6,6,6,6,6,6,6,6,6,6,6,6,6,NaN
9,9,9,9,9,9,9,9,9,9,9,9,9,9,9,9,9,9,9,9,9,9,9,9,9,9,9,9,9,9,10,9,9,10,9,9,9,9,9,9,9,9,9,9,9,9,9,9,9,9,9,9,9,9,9,9,NaN
24,23,23,22,22,21,21,20,20,19,19,18,18,18,17,17,16,16,16,16,15,15,15,14,14,14,13,13,13,13,13,12,12,12,12,12,12,12,12,12,11,11,11,11,11,10,10,10,10,9,9,9,9,9,8,8,NaN
11,11,11,11,11,11,11,11,10,10,10,10,10,10,10,10,10,10,10,10,10,10,10,10,9,9,9,9,9,9,9,9,9,9,9,9,9,9,9,9,8,8,8,9,8,8,8,8,8,8,8,8,8,8,8,9,NaN
11,10,10,10,10,9,9,9,9,8,8,8,8,8,7,7,7,7,7,6,6,6,6,6,5,5,5,5,5,5,5,5,5,5,5,5,5,4,4,4,4,4,4,4,4,4,4,4,4,4,5,5,5,5,5,5,NaN
25,25,25,24,24,23,23,22,21,21,20,19,19,18,18,17,17,16,15,15,14,14,13,13,12,12,11,11,11,11,11,10,10,10,10,10,10,10,11,11,11,11,11,11,11,10,10,10,10,9,9,9,9,8,8,8,NaN
31,31,30,30,30,29,29,28,27,26,26,25,24,23,23,22,21,21,20,19,19,18,17,17,16,16,15,15,14,14,14,14,13,13,13,13,13,12,12,12,11,11,11,10,10,10,10,9,9,9,9,9,9,8,8,8,NaN
13,12,12,12,11,11,10,10,10,10,9,9,9,9,9,9,9,9,9,9,9,9,9,9,9,9,9,9,9,9,9,9,9,9,9,9,9,9,9,10,10,10,10,10,10,10,10,10,10,11,11,11,11,11,11,11,NaN
12,11,11,12,11,12,11,11,12,12,12,12,12,12,12,12,12,11,12,12,12,12,12,12,11,12,11,11,11,11,11,11,11,11,10,10,10,10,10,10,10,10,10,10,9,10,10,10,10,10,10,10,10,11,10,11,NaN
18,18,17,17,17,17,16,16,16,16,16,15,15,15,15,14,14,14,14,13,13,13,13,13,12,12,12,11,11,11,10,10,10,10,10,10,10,10,10,10,10,10,10,10,10,10,9,9,9,9,9,9,9,9,8,8,NaN
NaN,NaN,NaN,NaN,NaN,NaN,NaN,NaN,NaN,NaN,NaN,NaN,NaN,NaN,NaN,NaN,NaN,NaN,NaN,NaN,NaN,NaN,NaN,NaN,NaN,NaN,NaN,NaN,NaN,NaN,NaN,NaN,NaN,NaN,NaN,NaN,NaN,NaN,NaN,NaN,NaN,NaN,NaN,NaN,NaN,NaN,NaN,NaN,NaN,NaN,NaN,NaN,NaN,NaN,NaN,NaN,NaN
7,7,7,7,8,7,7,8,8,8,8,8,8,8,8,8,8,9,8,8,9,8,8,9,8,9,9,9,9,9,9,9,9,9,9,9,9,9,9,9,9,9,9,9,9,9,9,9,9,9,9,10,10,10,10,11,NaN
NaN,NaN,NaN,NaN,NaN,NaN,NaN,NaN,NaN,NaN,NaN,NaN,NaN,NaN,NaN,NaN,NaN,7,6,7,7,7,7,8,8,8,8,8,7,8,8,8,8,7,8,8,7,8,8,8,8,8,7,7,8,8,7,8,7,7,9,8,8,8,8,8,NaN
12,11,11,11,10,10,9,9,9,9,9,8,8,8,8,8,9,9,9,9,8,8,8,8,8,8,8,8,8,8,8,8,8,8,8,8,8,8,8,8,8,8,8,8,7,7,7,7,7,7,7,7,7,7,7,7,NaN
8,7,7,7,7,6,6,6,6,5,5,5,5,5,5,5,5,5,4,4,4,4,4,4,4,4,4,4,4,4,4,4,4,4,4,4,4,4,4,4,4,4,4,4,4,4,4,4,4,4,4,4,4,4,4,4,NaN
19,18,18,17,17,16,16,16,15,15,14,14,13,13,13,12,12,12,12,11,11,11,11,10,10,10,9,9,9,8,8,8,8,7,7,7,7,6,6,6,6,6,6,5,5,5,5,5,5,5,5,5,5,5,5,5,NaN
29,29,28,28,28,28,27,27,27,27,26,26,26,26,25,25,25,24,24,23,23,22,22,21,20,20,19,18,18,17,17,16,16,16,15,15,15,15,15,15,15,15,14,14,14,13,13,12,12,11,11,11,10,10,9,9,NaN
25,24,24,24,23,23,23,22,22,22,22,21,21,21,21,21,20,20,20,20,20,19,19,19,19,19,18,18,18,17,17,17,16,16,16,16,15,15,15,15,15,14,14,14,14,14,13,13,13,13,13,12,12,12,12,11,NaN
9,9,9,9,9,9,8,8,8,8,8,8,8,8,8,8,8,8,8,8,8,8,8,8,8,8,9,9,9,8,8,8,8,8,8,8,8,8,8,8,8,8,7,7,7,7,7,7,7,7,7,7,7,8,8,8,NaN
22,21,21,20,20,19,19,18,18,18,17,17,17,16,16,16,16,16,16,16,15,15,15,15,15,14,14,14,13,13,13,12,12,12,12,11,11,11,11,11,10,10,10,10,10,10,9,9,9,9,9,9,8,8,8,8,NaN
24,24,23,23,23,22,22,22,21,21,21,20,20,20,19,19,19,19,18,18,18,18,17,17,17,17,16,16,16,16,16,16,16,16,15,15,15,15,14,14,14,13,13,12,12,12,11,11,10,10,10,9,9,9,9,8,NaN
9,9,9,9,9,9,9,9,9,9,9,9,9,9,9,9,9,8,8,8,9,8,8,8,8,8,8,8,8,8,8,8,8,8,8,8,8,8,8,8,8,8,8,8,8,8,8,8,8,8,8,8,8,8,8,8,NaN
19,19,18,18,17,17,16,16,15,15,14,14,13,13,13,12,12,11,11,10,10,9,9,8,8,8,7,7,7,6,6,6,6,6,6,5,5,5,5,5,5,5,5,5,5,5,5,5,5,5,5,5,5,5,5,5,NaN
5,6,6,5,5,5,5,5,5,5,5,5,5,5,5,4,5,5,5,5,5,4,4,5,4,4,4,4,4,5,5,5,5,5,5,5,5,4,5,5,5,5,5,5,5,5,5,5,6,5,6,6,6,6,6,6,NaN
10,9,10,9,10,10,10,10,11,11,11,11,11,11,12,12,12,12,13,12,13,13,13,13,13,13,13,13,13,13,14,14,14,14,14,14,13,13,13,14,13,13,13,13,13,13,13,13,13,13,13,12,13,12,12,13,NaN
6,7,6,7,7,6,7,7,6,7,7,7,6,7,7,6,6,6,6,6,6,7,6,7,6,6,6,7,7,6,6,7,6,6,6,7,7,6,6,6,6,6,6,6,6,6,6,6,6,6,6,6,6,6,6,6,NaN
22,21,21,20,20,19,19,18,18,17,17,16,16,15,15,14,14,14,13,13,13,13,12,12,12,12,11,11,11,11,10,10,10,10,9,9,9,9,8,8,8,8,8,8,8,8,8,7,7,7,7,7,7,7,7,7,NaN
18,17,17,16,16,15,15,14,14,13,13,12,12,12,11,11,10,10,10,10,9,9,9,9,8,8,8,8,8,8,7,7,7,7,7,7,7,7,7,7,7,7,7,7,7,7,7,7,7,7,7,7,7,7,7,7,NaN
21,21,20,19,19,18,18,17,16,16,15,15,14,13,13,12,12,12,12,12,12,13,13,12,12,11,10,9,8,8,7,6,6,5,5,5,5,5,5,5,5,5,5,5,5,5,5,5,5,5,4,4,4,4,4,4,NaN
17,16,16,15,14,14,13,13,12,12,11,11,10,10,10,9,9,9,9,9,9,9,9,9,9,8,8,8,7,7,6,6,6,6,6,6,5,5,5,5,5,5,5,5,5,5,5,5,5,5,5,5,5,5,5,5,NaN
11,12,11,11,11,11,12,10,11,11,11,10,11,11,11,10,10,10,10,10,9,9,9,9,9,9,9,8,9,9,8,8,8,9,8,8,8,8,8,8,8,7,7,7,7,6,6,6,6,6,6,6,6,6,6,6,NaN
16,17,16,17,16,17,16,17,17,18,18,16,18,16,18,16,16,16,16,15,15,NaN,NaN,NaN,NaN,16,NaN,NaN,14,14,NaN,14,13,NaN,12,NaN,13,NaN,NaN,NaN,NaN,NaN,11,NaN,NaN,9,NaN,9,NaN,NaN,NaN,NaN,NaN,NaN,NaN,NaN,NaN
5,5,6,6,6,6,6,6,6,6,7,7,7,7,7,7,6,6,6,6,6,6,6,6,6,6,6,6,6,7,6,6,6,6,6,6,6,6,6,6,6,5,5,5,5,5,5,5,5,5,5,5,5,5,5,5,NaN
9,9,10,10,9,9,9,9,10,10,9,9,9,10,9,10,9,9,9,9,9,9,9,10,9,9,9,9,9,9,9,9,9,9,9,9,9,9,10,9,9,9,9,10,9,9,9,9,9,10,9,10,10,10,9,10,NaN
9,8,8,8,8,8,8,8,8,7,7,7,7,7,6,6,6,6,6,6,6,6,6,6,6,6,6,6,6,6,7,7,7,7,7,7,7,7,7,7,7,7,7,7,7,7,7,6,6,6,6,6,6,6,6,6,NaN
7,7,7,7,6,7,6,6,6,6,6,6,6,6,6,6,6,6,6,5,6,6,6,6,6,6,6,6,6,6,6,6,6,7,7,7,7,7,7,7,7,7,8,8,8,8,8,8,9,9,9,9,10,10,10,10,NaN
15,15,14,14,13,13,12,11,11,10,10,9,9,9,8,8,7,7,7,7,6,6,6,6,6,5,5,5,5,5,5,4,4,4,4,4,4,4,4,4,4,4,4,4,3,3,3,3,3,3,3,3,3,3,3,3,NaN
12,11,11,11,10,10,10,9,9,9,9,9,9,8,8,8,8,8,8,7,8,8,7,8,8,8,7,7,7,7,7,8,8,9,9,10,10,10,10,9,10,9,10,10,10,10,10,10,9,8,8,8,8,7,7,7,NaN
20,19,19,18,18,17,17,16,16,15,15,15,14,14,13,13,13,12,12,11,11,11,10,10,10,10,10,9,9,9,9,10,10,10,11,11,12,12,12,13,13,13,13,12,12,11,11,10,10,9,9,9,8,8,8,8,NaN
17,16,16,15,15,14,14,13,13,12,12,12,11,11,11,11,11,11,11,11,11,11,11,11,11,11,10,10,10,10,9,9,9,8,8,8,8,8,7,7,7,7,7,7,7,7,7,7,7,7,7,7,7,7,7,6,NaN
14,13,13,13,12,12,11,11,10,10,9,9,8,8,7,7,6,6,6,6,6,6,6,6,6,6,6,5,5,5,5,5,6,6,7,7,8,8,9,9,9,8,8,8,8,8,8,8,8,9,9,9,9,9,9,9,NaN
14,13,13,12,12,11,10,10,9,9,8,7,6,7,7,7,7,6,6,6,7,6,6,6,5,5,5,5,5,5,5,5,5,5,5,5,5,5,5,5,5,5,5,5,5,5,5,5,5,5,5,5,5,5,5,5,NaN
NaN,NaN,NaN,NaN,NaN,NaN,NaN,NaN,NaN,NaN,NaN,NaN,NaN,NaN,NaN,NaN,NaN,NaN,NaN,NaN,NaN,8,7,7,7,7,7,7,7,6,6,6,6,6,6,6,6,6,6,7,7,7,7,7,7,7,7,7,7,7,7,7,7,7,7,7,NaN
8,8,8,7,7,7,6,6,6,6,5,5,5,5,5,4,4,4,4,4,3,3,3,3,3,3,3,2,2,2,2,2,2,2,2,2,2,2,2,2,2,2,2,2,2,2,2,2,2,2,2,2,2,2,2,2,NaN
15,14,14,13,13,12,12,12,11,11,11,10,10,10,10,10,9,9,9,9,9,9,9,9,9,9,8,8,8,7,6,6,7,7,8,8,7,7,7,6,7,6,7,7,6,7,7,7,7,6,6,6,6,6,6,5,NaN
20,20,19,19,19,19,19,18,18,18,18,18,17,17,17,17,17,17,16,16,16,16,16,15,15,15,15,14,14,14,13,13,12,12,12,11,11,10,10,10,9,9,9,8,8,8,8,7,7,7,7,7,7,6,6,6,NaN
19,12,10,10,10,9,9,8,8,8,8,8,8,7,8,8,7,7,7,7,7,7,7,7,7,7,7,7,7,7,7,7,7,7,7,7,7,7,7,7,7,7,7,7,7,7,7,7,7,7,7,7,7,7,7,7,NaN
13,12,12,12,11,11,11,11,10,10,10,9,9,9,9,9,8,8,8,8,8,8,7,7,7,7,7,7,7,6,6,6,6,6,6,6,6,6,6,5,5,5,5,5,5,5,5,5,5,5,5,5,5,5,5,5,NaN
13,12,12,12,11,11,11,11,10,10,10,10,9,9,9,9,8,8,8,8,8,8,7,7,7,7,7,7,7,6,6,6,6,6,6,6,6,6,6,5,5,5,5,5,5,5,5,5,5,5,5,5,5,5,5,5,NaN
13,12,12,12,12,11,11,11,10,10,10,10,9,9,9,9,9,8,8,8,8,8,8,7,7,7,7,7,7,6,6,6,6,6,6,6,6,6,6,5,5,5,5,5,5,5,5,5,5,5,5,5,5,5,5,5,NaN
10,10,10,10,9,10,10,10,10,11,11,11,11,11,11,12,12,12,12,12,12,12,12,12,13,13,12,12,12,12,13,13,13,15,16,15,14,13,14,13,13,14,14,14,14,14,14,15,14,14,14,13,14,14,14,14,NaN
24,23,23,23,22,22,21,21,21,21,20,20,20,20,20,19,19,19,18,18,18,17,17,16,16,16,15,15,15,15,15,14,14,14,14,13,13,13,12,12,12,11,11,11,10,10,10,9,9,9,9,8,8,8,8,8,NaN
10,10,9,9,9,9,8,8,8,8,8,7,7,7,7,7,7,7,7,7,7,7,7,7,7,7,7,7,6,6,6,6,6,6,6,6,6,5,5,5,5,5,5,5,4,4,4,4,4,4,4,4,4,4,4,4,NaN
19,18,18,18,18,17,17,17,17,17,17,17,16,16,16,16,15,15,14,14,13,13,13,12,12,12,11,11,11,10,10,10,10,10,10,11,12,13,14,15,16,17,18,18,18,18,18,17,17,16,16,15,15,14,14,14,NaN
28,28,28,27,27,27,26,25,25,24,24,23,23,22,22,21,21,20,20,19,19,18,18,18,18,18,18,18,18,18,18,17,17,17,16,16,15,14,14,14,14,13,13,13,12,12,11,10,10,9,9,9,9,8,8,8,NaN
23,22,21,19,18,17,16,15,14,13,13,12,11,11,10,9,9,8,8,7,7,6,6,6,6,5,5,5,5,5,5,5,4,4,4,4,4,4,4,4,4,4,4,4,4,4,4,4,4,4,5,5,5,5,5,5,NaN
7,7,9,8,7,8,7,7,7,8,7,8,6,7,6,7,7,6,6,6,6,6,6,5,6,6,6,6,7,6,6,6,6,5,6,7,7,7,6,6,7,6,6,6,5,6,6,6,5,6,6,6,6,6,7,6,NaN
7,7,8,8,7,7,7,8,8,8,8,8,9,9,9,9,9,9,10,10,10,10,10,10,11,11,10,10,10,10,10,11,11,12,12,12,11,11,11,11,11,11,11,12,12,13,13,14,13,13,13,13,13,14,13,14,NaN
20,16,15,15,15,14,13,13,13,13,12,12,12,11,11,11,11,11,10,10,10,10,10,10,10,10,9,9,9,9,9,9,9,9,9,9,8,8,8,8,8,8,8,8,8,8,8,8,8,7,7,7,7,7,7,7,NaN
25,24,24,23,23,23,22,22,22,21,21,21,20,20,20,19,19,19,18,18,18,18,17,17,17,17,17,16,16,16,16,16,16,16,15,15,15,15,14,14,14,13,13,13,12,12,11,11,10,10,10,9,9,9,8,8,NaN
20,19,19,18,18,17,17,16,16,16,15,15,15,15,14,14,14,13,13,13,12,12,12,11,11,11,11,11,10,10,10,10,10,9,9,9,9,9,9,9,8,8,8,8,8,8,8,8,8,8,7,7,7,7,7,7,NaN
11,11,12,12,11,12,12,12,12,12,12,12,11,12,12,12,12,11,11,11,11,11,11,11,11,11,10,10,10,10,9,9,10,9,9,9,9,9,9,8,8,8,8,9,7,7,8,8,7,7,7,7,7,7,6,7,NaN
9,8,8,8,7,7,7,7,6,6,6,6,6,6,6,6,6,6,7,7,7,7,7,7,6,6,6,6,5,5,5,5,5,5,5,4,4,4,4,4,4,4,4,4,4,4,4,4,4,4,4,4,4,4,4,4,NaN
10,10,9,9,9,8,8,8,7,7,7,7,7,7,6,6,6,6,7,7,7,7,7,7,7,7,7,7,7,7,7,7,7,7,7,7,7,7,7,7,7,7,8,8,8,8,8,8,8,8,8,9,9,9,9,9,NaN
24,24,23,23,23,22,22,21,21,21,20,20,19,19,19,18,18,18,17,17,16,16,16,16,16,15,15,15,15,15,15,14,14,13,13,12,12,11,11,10,10,9,9,9,8,8,8,8,7,7,7,7,7,6,6,6,NaN
26,26,26,26,26,26,25,25,25,25,24,24,23,23,23,22,22,21,21,21,20,20,20,20,20,20,20,20,20,20,20,20,20,20,19,19,19,18,18,18,18,17,17,16,15,14,14,13,12,11,10,9,8,8,7,7,NaN
10,10,9,9,8,8,8,7,7,7,7,6,6,6,6,6,6,6,5,5,5,5,5,5,5,5,5,5,4,4,4,4,4,4,4,4,4,4,4,4,4,4,4,4,4,4,4,4,4,4,4,4,4,4,4,4,NaN
28,27,27,26,25,25,24,23,22,22,21,20,19,18,17,17,16,15,14,14,13,13,12,12,11,11,10,10,9,9,8,8,7,7,6,6,5,5,5,4,4,4,4,4,3,3,3,3,3,3,3,3,3,3,3,3,NaN
36,36,36,36,35,35,34,33,33,32,31,31,30,29,29,28,27,27,26,25,25,24,23,23,22,22,21,21,20,20,20,19,19,19,19,18,18,18,18,18,17,17,16,16,15,14,14,13,12,12,11,11,11,10,10,10,NaN
8,9,8,9,8,9,9,9,9,9,10,10,9,9,9,9,9,9,10,9,10,9,9,9,8,8,8,8,7,7,7,7,7,7,7,7,7,7,7,7,7,7,7,7,7,7,7,7,7,7,7,7,8,7,7,8,NaN
NaN,NaN,NaN,NaN,NaN,NaN,NaN,NaN,NaN,NaN,NaN,NaN,NaN,NaN,NaN,NaN,NaN,NaN,NaN,NaN,NaN,NaN,NaN,NaN,NaN,NaN,NaN,5,NaN,NaN,NaN,NaN,NaN,NaN,NaN,NaN,4,NaN,NaN,4,NaN,NaN,NaN,NaN,NaN,NaN,NaN,NaN,NaN,NaN,NaN,3,NaN,NaN,NaN,NaN,NaN
20,19,19,18,18,17,17,17,16,16,16,15,15,15,14,14,14,14,13,13,12,12,12,11,11,11,11,10,10,10,10,10,10,10,10,9,9,9,9,9,9,9,9,9,9,9,9,8,8,8,8,8,8,8,7,7,NaN
9,9,9,9,8,8,9,8,9,8,7,7,7,7,7,8,7,7,7,7,7,6,6,6,6,6,6,6,6,6,6,6,6,6,6,6,6,7,6,6,6,6,6,7,6,7,7,6,7,7,7,7,7,7,7,7,NaN
12,11,11,11,11,10,10,10,10,10,9,9,9,8,8,8,7,7,7,7,6,6,6,6,6,5,5,5,5,5,5,5,5,5,5,4,4,4,4,4,4,4,4,4,4,4,4,4,4,4,4,4,4,4,4,4,NaN
11,11,11,10,10,10,9,9,9,9,9,8,8,8,8,8,8,7,7,7,7,7,7,7,7,6,6,6,6,6,6,6,6,6,6,6,6,6,6,6,6,6,6,6,6,6,6,6,6,6,6,6,6,6,6,6,NaN
19,19,18,18,17,17,16,16,15,15,15,14,14,13,13,12,12,11,11,11,11,10,10,10,9,9,8,8,7,7,7,6,6,6,6,6,5,5,5,5,5,5,5,5,5,5,5,5,5,5,5,5,5,5,5,5,NaN
20,19,19,18,18,17,17,16,16,15,15,14,14,13,13,13,12,12,11,11,11,11,10,10,10,9,9,8,8,7,7,7,6,6,6,6,6,6,5,5,5,5,5,5,5,5,5,5,5,5,5,5,5,5,5,5,NaN
20,19,19,18,18,17,17,16,16,15,15,14,14,13,13,13,12,12,11,11,11,11,10,10,10,9,9,8,8,7,7,7,6,6,6,6,6,6,5,5,5,5,5,5,5,5,5,5,5,5,5,5,5,5,5,5,NaN
20,16,14,14,14,13,13,12,12,12,12,11,11,11,11,11,10,10,10,10,9,9,9,9,9,9,9,9,8,8,8,8,8,8,8,8,8,8,8,8,8,7,7,7,7,7,7,7,7,7,7,7,7,7,7,7,NaN
11,11,11,10,10,10,9,9,9,9,9,9,9,9,9,9,10,10,10,10,10,10,11,11,10,10,10,10,10,10,10,10,10,10,11,11,11,11,11,11,11,11,11,11,11,11,12,12,11,11,11,11,11,11,11,11,NaN
NaN,NaN,NaN,NaN,NaN,NaN,NaN,NaN,NaN,NaN,NaN,NaN,NaN,NaN,NaN,NaN,NaN,NaN,NaN,NaN,NaN,NaN,NaN,NaN,NaN,NaN,NaN,NaN,NaN,NaN,NaN,NaN,NaN,NaN,NaN,NaN,NaN,NaN,NaN,NaN,NaN,NaN,NaN,NaN,15,NaN,NaN,NaN,NaN,NaN,NaN,NaN,NaN,NaN,NaN,7,NaN
19,19,18,18,17,17,16,16,15,15,14,14,14,13,13,13,13,13,13,12,12,12,12,12,11,11,11,10,10,10,10,9,9,9,9,8,8,8,8,7,7,7,7,7,7,7,6,6,6,6,6,6,6,6,6,6,NaN
9,9,9,8,8,8,8,7,7,7,7,7,7,6,6,6,6,6,6,6,6,6,6,6,6,6,6,7,7,7,7,7,7,7,8,8,8,9,9,9,9,9,9,10,10,10,10,10,10,10,10,9,9,9,9,10,NaN
18,18,17,17,16,16,16,15,15,14,14,14,13,13,13,12,12,12,11,11,11,10,10,9,9,8,8,8,7,7,7,7,6,6,6,6,6,6,6,6,6,6,6,6,6,6,6,6,6,5,5,5,5,5,5,5,NaN
28,28,27,27,26,26,26,25,25,24,24,24,23,23,22,22,22,22,22,22,22,22,22,22,22,22,22,21,21,21,20,20,20,19,19,18,18,17,17,16,16,15,15,15,14,14,14,13,13,12,12,12,11,11,11,11,NaN
21,21,20,19,19,18,17,16,16,15,15,14,14,14,14,13,13,13,13,12,12,12,12,11,11,11,11,10,10,10,10,10,9,9,9,9,9,9,9,9,9,8,8,8,8,8,8,8,8,8,8,8,8,8,8,8,NaN
18,18,17,17,16,16,15,15,15,14,14,14,13,13,13,12,12,12,11,11,11,10,10,10,10,9,9,9,9,8,8,8,8,8,8,8,9,9,10,10,11,11,11,11,11,10,10,9,8,8,7,7,7,7,7,7,NaN
NaN,NaN,NaN,NaN,NaN,NaN,NaN,NaN,NaN,NaN,NaN,NaN,NaN,NaN,NaN,NaN,NaN,NaN,NaN,NaN,NaN,NaN,NaN,NaN,NaN,NaN,NaN,NaN,NaN,NaN,NaN,NaN,NaN,NaN,NaN,NaN,NaN,NaN,NaN,NaN,NaN,NaN,NaN,NaN,NaN,NaN,NaN,NaN,NaN,NaN,NaN,NaN,NaN,NaN,NaN,NaN,NaN
27,27,26,26,25,25,24,24,23,23,22,22,21,21,20,20,19,19,19,18,18,17,17,16,16,15,15,14,14,13,12,12,11,11,10,10,9,9,9,8,8,8,7,7,7,7,7,7,6,6,6,6,6,6,6,6,NaN
7,7,7,8,7,8,8,7,8,8,8,8,8,8,8,8,8,7,8,8,8,8,8,8,8,8,8,8,8,8,8,8,8,9,8,8,8,8,8,8,8,8,8,8,8,8,8,8,8,8,8,8,8,8,8,8,NaN
10,9,8,8,8,8,9,10,9,9,9,9,7,7,7,7,7,6,6,6,7,6,6,5,6,5,5,5,5,5,5,5,5,5,5,5,5,5,4,5,5,5,5,5,4,4,4,5,4,4,4,5,5,5,5,5,NaN
8,9,8,8,8,8,8,8,8,8,8,8,8,8,8,8,8,8,7,8,8,8,8,8,8,8,8,8,8,8,8,8,7,7,7,7,7,7,6,7,6,7,7,6,6,6,6,6,6,6,6,6,6,6,6,6,NaN
18,18,17,16,16,15,15,14,14,13,13,13,12,12,12,11,11,11,11,11,10,10,10,10,9,9,9,8,8,7,7,7,6,6,6,5,5,5,5,5,5,5,5,5,4,4,4,4,4,4,4,4,4,4,4,4,NaN
28,28,28,28,28,28,28,27,27,27,27,27,27,27,27,27,26,26,26,25,25,24,24,24,24,23,23,23,23,22,22,22,21,21,20,19,19,18,18,17,16,16,15,15,14,14,13,12,12,11,11,10,9,9,9,8,NaN
26,25,25,24,24,24,23,23,23,22,22,22,21,21,21,20,20,20,19,19,19,18,18,18,18,18,18,18,18,18,18,18,18,18,18,18,18,18,17,17,17,17,17,16,16,15,15,15,14,14,13,13,13,13,12,12,NaN
9,9,9,9,9,9,9,9,9,9,9,9,9,9,8,8,8,8,8,8,8,8,8,8,8,8,8,8,8,8,8,8,8,8,8,8,8,8,8,8,8,8,8,8,8,8,7,7,8,7,7,7,8,8,8,8,NaN
NaN,NaN,NaN,NaN,NaN,NaN,NaN,NaN,NaN,NaN,NaN,NaN,NaN,NaN,NaN,NaN,NaN,NaN,NaN,NaN,NaN,NaN,NaN,NaN,NaN,NaN,NaN,NaN,NaN,NaN,NaN,NaN,NaN,NaN,NaN,NaN,NaN,NaN,NaN,NaN,NaN,NaN,NaN,NaN,NaN,NaN,NaN,NaN,NaN,NaN,NaN,NaN,NaN,NaN,NaN,NaN,NaN
9,9,9,10,9,9,9,9,9,10,10,10,10,10,9,10,10,9,10,10,10,10,10,10,10,10,10,10,10,10,10,10,10,10,10,10,10,10,10,10,9,9,9,9,9,8,8,8,8,8,8,8,8,8,7,7,NaN
NaN,NaN,NaN,NaN,NaN,NaN,NaN,NaN,NaN,NaN,NaN,NaN,NaN,NaN,NaN,NaN,NaN,NaN,NaN,NaN,NaN,NaN,NaN,NaN,NaN,NaN,NaN,NaN,NaN,NaN,NaN,NaN,NaN,NaN,NaN,NaN,NaN,NaN,NaN,NaN,NaN,NaN,NaN,NaN,NaN,NaN,NaN,NaN,NaN,NaN,NaN,NaN,NaN,NaN,NaN,NaN,NaN
10,10,10,10,9,10,9,9,10,9,9,9,9,9,9,9,9,9,9,8,9,8,8,8,8,8,8,8,8,8,8,8,8,8,8,8,8,8,8,8,8,8,8,8,7,8,7,7,8,7,8,8,8,8,8,8,NaN
22,21,21,20,19,19,18,18,17,16,16,15,15,14,13,13,12,11,11,10,10,9,8,8,7,7,6,6,6,5,5,5,4,4,4,4,4,3,3,3,3,3,3,3,3,3,3,2,2,2,2,2,2,2,2,2,NaN
17,17,17,16,16,16,16,15,15,15,15,14,14,14,14,14,13,13,13,12,12,12,11,11,11,11,10,10,10,10,10,10,10,10,10,10,10,10,10,10,10,10,10,10,10,10,9,9,9,8,8,8,8,8,8,8,NaN
13,12,12,11,11,11,10,10,10,10,9,9,9,9,9,9,8,8,8,8,8,8,8,8,8,7,7,7,7,7,7,7,7,7,7,6,6,6,6,6,6,6,6,6,6,6,6,6,6,6,6,6,6,6,6,6,NaN
20,20,19,18,18,17,17,16,16,15,15,14,14,14,13,13,13,13,12,12,12,12,12,12,11,11,11,11,11,10,10,10,10,10,9,9,9,9,9,8,8,8,8,8,8,8,8,8,7,7,7,7,7,7,7,7,NaN
NaN,NaN,NaN,NaN,NaN,NaN,NaN,NaN,NaN,NaN,NaN,NaN,NaN,NaN,NaN,NaN,NaN,NaN,NaN,NaN,NaN,NaN,NaN,NaN,NaN,NaN,NaN,NaN,NaN,NaN,7,6,7,7,7,6,8,6,6,6,6,7,6,6,6,6,7,7,8,8,8,8,7,11,9,NaN,NaN
9,9,9,9,8,8,8,8,7,7,7,7,7,6,6,6,6,6,5,5,5,5,5,5,5,5,5,5,5,4,4,4,4,4,4,4,4,4,4,4,4,4,4,4,4,4,4,4,4,4,4,4,4,4,5,5,NaN
24,23,22,22,21,20,19,19,18,17,17,16,16,15,15,14,14,13,13,12,12,11,11,11,11,10,10,10,10,10,10,10,10,10,9,9,9,9,9,9,9,8,8,8,8,8,8,8,7,7,7,7,7,7,7,7,NaN
8,8,8,7,7,7,7,7,7,7,7,7,7,7,6,6,6,6,6,6,6,6,6,6,6,6,6,6,6,6,6,6,6,6,6,6,6,5,5,5,5,5,5,5,5,5,5,5,5,5,5,5,5,5,5,5,NaN
18,18,17,17,17,16,16,15,15,14,14,13,13,12,12,11,11,11,10,10,9,9,9,8,8,8,8,7,7,7,7,7,6,6,6,6,6,6,6,5,5,5,5,5,5,5,5,5,5,5,5,5,5,5,5,5,NaN
11,10,10,10,10,9,9,9,9,9,8,8,8,8,8,8,8,8,8,8,8,8,7,7,7,7,7,6,6,6,6,6,6,6,6,6,6,6,6,6,6,6,6,6,6,6,6,6,6,6,6,6,6,6,6,6,NaN
7,7,7,7,7,7,7,7,7,8,8,8,8,8,8,8,8,9,9,9,9,9,9,9,10,10,10,10,9,10,10,10,10,10,10,10,10,9,9,9,9,9,9,9,9,9,9,9,10,10,9,9,10,10,9,10,NaN
10,11,10,10,10,10,11,10,10,11,10,11,10,11,11,10,10,10,10,9,9,9,9,9,9,9,9,9,9,9,10,10,10,10,9,10,10,10,10,10,10,10,10,10,9,10,9,9,9,9,10,9,10,10,10,10,NaN
9,9,9,9,9,9,9,9,9,9,9,9,9,9,9,9,9,9,9,9,9,9,9,9,9,9,9,9,9,9,9,9,9,9,9,9,9,9,9,9,9,9,9,9,8,9,8,8,9,8,8,8,9,9,9,9,NaN
25,25,24,24,23,23,23,22,22,21,21,21,20,20,20,19,19,19,18,18,18,17,17,17,17,17,16,16,16,16,16,16,16,16,16,16,15,15,15,15,15,14,14,14,13,13,12,12,12,11,11,10,10,10,10,9,NaN
6,6,6,7,7,6,6,6,6,6,6,6,6,6,6,6,6,6,6,6,6,6,6,6,6,7,7,7,7,7,7,7,7,7,7,8,8,7,7,7,7,7,7,7,7,7,7,7,7,7,7,8,8,8,8,8,NaN
9,8,8,7,7,6,6,6,5,5,5,4,4,4,4,3,3,3,3,3,3,3,2,2,2,2,2,2,2,2,2,2,2,2,2,2,2,2,2,2,2,2,2,1,1,1,1,1,1,1,1,1,1,1,1,1,NaN
8,8,9,8,8,8,8,9,9,10,9,9,9,9,9,9,9,9,9,9,10,10,10,10,10,10,10,11,11,10,10,10,11,11,11,12,12,12,12,11,11,11,12,12,12,12,12,12,12,12,12,12,12,12,12,13,NaN
8,8,8,8,8,8,8,8,8,8,8,9,9,9,9,9,10,10,10,10,11,10,10,11,11,11,10,10,10,10,11,11,12,14,15,15,14,13,13,14,15,15,15,16,16,16,15,14,14,14,14,13,13,13,13,13,NaN
22,22,22,21,21,21,20,20,20,20,20,20,20,20,20,20,19,19,19,18,17,17,16,15,14,15,16,19,23,28,33,37,39,39,37,32,27,22,18,15,13,13,13,12,12,11,10,10,9,8,8,7,7,7,7,6,NaN
14,14,13,13,12,12,12,11,11,11,11,10,10,10,10,9,9,9,9,9,8,8,8,8,8,8,7,7,7,7,7,7,6,6,6,6,6,6,6,6,6,6,5,5,5,5,5,5,5,5,5,5,5,5,5,5,NaN
NaN,NaN,NaN,NaN,NaN,NaN,NaN,NaN,NaN,NaN,NaN,NaN,NaN,NaN,NaN,NaN,NaN,NaN,NaN,NaN,NaN,NaN,NaN,NaN,NaN,NaN,NaN,NaN,NaN,NaN,NaN,NaN,NaN,NaN,NaN,NaN,NaN,NaN,NaN,NaN,NaN,NaN,NaN,NaN,6,7,7,7,6,6,6,6,7,7,7,7,NaN
17,17,16,16,15,14,14,13,13,12,12,12,12,12,11,11,11,10,10,10,10,10,10,10,10,10,10,10,10,10,10,9,9,9,9,9,9,9,9,9,9,8,8,8,8,8,7,7,7,7,7,7,7,7,6,6,NaN
20,19,19,19,18,18,17,17,16,15,15,14,13,12,12,11,10,10,9,8,8,7,7,6,6,6,5,5,5,5,4,4,4,4,4,4,4,3,3,3,3,3,3,3,3,3,3,3,3,3,3,3,3,3,3,3,NaN
26,25,25,25,25,25,25,25,25,25,24,24,23,22,22,21,20,19,18,17,16,16,15,14,14,13,12,12,12,11,11,11,11,11,11,11,11,11,11,10,10,10,10,9,9,9,8,8,8,7,7,7,6,6,6,5,NaN
NaN,NaN,NaN,NaN,NaN,NaN,NaN,NaN,NaN,NaN,NaN,NaN,NaN,NaN,NaN,NaN,NaN,NaN,NaN,NaN,NaN,NaN,NaN,NaN,NaN,NaN,NaN,NaN,NaN,NaN,NaN,11,NaN,NaN,NaN,12,12,12,13,13,13,13,13,13,14,14,13,13,13,14,14,14,14,14,14,14,NaN
NaN,NaN,NaN,NaN,NaN,NaN,NaN,NaN,NaN,NaN,NaN,8,9,8,8,7,7,7,7,7,7,6,7,7,7,7,7,7,7,8,7,7,7,8,7,7,7,7,7,7,6,6,7,8,7,8,7,7,7,7,7,7,7,8,7,7,NaN
33,33,32,32,32,31,31,31,30,29,28,28,27,26,26,25,24,24,24,23,23,23,23,23,23,23,24,24,25,25,26,27,27,27,27,27,27,26,25,25,24,23,22,21,20,19,18,17,17,16,15,14,14,13,13,13,NaN
6,5,5,5,5,5,5,5,5,5,5,5,5,5,5,5,5,5,5,5,4,4,4,5,4,4,4,4,4,4,4,4,4,4,4,4,4,4,4,4,4,4,4,4,4,4,4,4,4,4,4,4,4,4,4,4,NaN
NaN,NaN,NaN,NaN,NaN,NaN,NaN,NaN,NaN,NaN,NaN,NaN,NaN,NaN,NaN,NaN,NaN,NaN,NaN,NaN,NaN,NaN,NaN,NaN,NaN,NaN,NaN,NaN,NaN,NaN,NaN,NaN,NaN,NaN,NaN,NaN,NaN,NaN,NaN,NaN,NaN,NaN,NaN,NaN,NaN,3,3,3,3,3,4,5,5,4,NaN,4,NaN
7,7,8,7,7,8,8,8,8,9,9,9,9,9,9,9,9,9,9,9,10,9,10,10,10,10,10,10,10,10,10,10,10,9,9,9,9,9,9,9,9,9,9,9,9,10,9,10,9,9,9,9,9,9,9,9,NaN
9,8,9,9,10,9,9,9,10,10,10,10,10,10,9,10,10,9,9,9,9,9,10,10,10,10,9,10,9,9,9,9,9,10,9,9,9,9,9,9,9,9,9,9,9,9,9,9,9,9,9,9,9,9,9,9,NaN
15,14,14,14,13,13,13,13,13,12,12,12,12,12,12,11,11,11,11,11,10,10,10,10,10,10,9,9,9,9,9,9,9,9,9,9,9,9,9,9,9,9,9,9,9,9,9,8,8,8,8,8,8,7,7,7,NaN
15,15,15,14,14,14,14,13,13,13,13,13,12,12,12,11,11,11,10,10,10,10,10,10,10,11,11,11,11,11,11,10,10,9,9,9,8,8,8,7,7,7,7,6,6,6,6,6,6,6,6,6,5,5,5,5,NaN
26,26,25,25,25,24,24,24,23,23,23,22,22,22,21,21,21,20,20,20,19,19,19,19,19,19,19,19,19,19,19,19,19,19,19,18,17,17,16,16,15,15,15,14,14,14,14,13,13,13,13,12,12,12,12,11,NaN
16,16,16,16,15,15,15,14,14,14,13,13,13,12,12,12,12,11,11,11,10,10,10,9,9,9,8,8,8,8,7,7,7,7,8,8,8,9,10,10,11,12,13,13,14,14,14,14,14,14,13,13,12,12,12,12,NaN
22,21,21,20,20,19,19,18,18,17,17,16,16,16,15,15,14,14,14,13,13,13,12,12,12,12,11,11,11,11,10,10,10,9,9,9,9,9,8,8,8,8,8,8,8,7,7,7,7,7,7,7,7,7,7,7,NaN
22,21,21,20,20,19,19,18,18,17,17,16,16,16,15,15,14,14,14,13,13,13,12,12,12,12,11,11,11,11,10,10,10,9,9,9,9,9,8,8,8,8,8,8,8,7,7,7,7,7,7,7,7,7,7,7,NaN
32,32,31,31,30,30,29,29,29,28,28,27,27,26,26,25,25,25,24,24,24,24,24,23,23,23,22,22,21,21,20,20,19,19,18,18,17,17,16,16,16,15,15,15,14,14,14,13,13,13,12,12,12,11,11,11,NaN
8,8,8,8,8,8,8,8,8,8,8,8,8,8,8,8,8,8,8,7,7,7,7,7,7,8,8,8,8,8,8,8,8,8,8,8,8,8,9,9,8,8,8,9,8,8,8,8,8,8,8,8,8,8,8,9,NaN
12,11,11,10,10,9,9,8,8,8,7,7,7,7,7,6,6,6,6,6,6,6,6,6,6,6,6,6,6,6,6,6,6,6,7,7,7,7,7,7,7,6,6,6,6,6,6,6,6,6,6,6,6,6,6,6,NaN
NaN,NaN,NaN,NaN,NaN,NaN,NaN,NaN,NaN,NaN,10,NaN,NaN,NaN,NaN,NaN,9,11,10,12,11,10,11,10,10,10,10,10,10,10,NaN,NaN,10,NaN,NaN,9,11,12,NaN,NaN,NaN,7,10,NaN,NaN,NaN,NaN,NaN,NaN,NaN,NaN,NaN,NaN,NaN,NaN,NaN,NaN
13,12,12,11,11,10,10,10,9,9,9,8,8,8,8,7,7,7,7,6,6,6,6,6,6,5,5,5,6,6,6,6,6,6,7,7,7,7,7,7,7,7,7,7,6,6,6,6,6,6,6,6,7,7,7,7,NaN
NaN,NaN,NaN,NaN,NaN,NaN,NaN,NaN,NaN,NaN,NaN,NaN,NaN,NaN,NaN,NaN,NaN,NaN,NaN,NaN,NaN,NaN,3,3,3,3,3,3,2,2,2,2,2,2,2,2,3,3,3,3,3,3,3,3,3,3,3,3,3,3,3,3,4,4,4,4,NaN
13,12,12,11,11,10,10,9,9,8,8,8,8,8,8,8,8,7,7,7,7,7,7,7,6,6,6,6,6,6,6,6,6,6,6,6,6,7,7,7,7,7,7,7,7,7,7,7,7,7,7,7,7,7,7,7,NaN
24,23,23,23,22,22,21,21,21,20,20,20,19,19,19,19,18,18,18,17,17,17,17,16,16,16,16,16,16,16,16,16,16,16,15,15,15,15,15,15,15,14,14,14,13,13,13,12,12,11,11,11,10,10,10,9,NaN
24,23,23,23,22,22,21,21,21,20,20,20,19,19,19,19,18,18,18,17,17,17,17,16,16,16,16,16,16,16,16,16,16,16,15,15,15,15,15,15,15,14,14,14,13,13,13,12,12,11,11,11,10,10,10,9,NaN
24,23,23,23,22,22,21,21,21,20,20,20,19,19,19,19,18,18,18,17,17,17,17,16,16,16,16,16,16,16,16,16,16,16,15,15,15,15,15,15,15,14,14,14,13,13,13,12,12,11,11,11,10,10,10,9,NaN
17,17,16,16,16,16,15,15,15,14,14,14,14,14,13,13,13,13,13,13,13,13,12,12,12,12,12,12,12,12,12,11,11,11,11,11,11,11,10,10,10,10,10,9,9,9,9,9,8,8,8,8,8,7,7,7,NaN
11,11,10,10,10,9,9,9,8,8,8,8,8,8,7,7,7,7,7,7,7,7,7,7,7,7,7,7,7,7,7,7,7,7,7,7,7,7,7,7,7,7,7,7,7,7,7,7,7,7,7,7,7,7,7,7,NaN
20,19,19,19,19,19,18,18,18,17,17,17,16,16,15,15,14,14,14,13,13,12,12,11,11,11,10,10,10,9,9,9,9,9,9,10,10,11,12,13,14,14,15,15,15,15,15,15,14,14,14,14,14,14,14,14,NaN
10,9,10,10,10,10,10,10,10,10,9,10,10,10,10,10,11,10,10,11,11,11,10,10,10,11,11,11,11,10,11,11,10,11,10,10,10,10,10,10,10,10,10,10,10,10,10,10,9,9,9,9,9,9,9,9,NaN
9,9,9,10,9,9,9,9,9,9,9,9,9,9,8,8,9,8,9,9,9,9,9,9,9,9,9,9,9,9,9,9,9,9,8,9,8,8,8,8,8,8,8,8,8,8,8,8,8,8,8,7,8,8,7,8,NaN
15,15,14,14,13,13,12,12,11,11,10,10,9,9,9,8,8,7,7,7,6,6,6,6,5,5,5,5,4,4,4,4,4,4,4,4,4,4,3,3,3,3,3,3,3,3,3,3,3,4,4,4,5,5,5,5,NaN
15,14,14,14,13,13,13,12,12,12,12,11,11,11,11,10,10,10,10,10,10,10,10,10,10,9,9,9,9,9,9,9,9,9,9,9,8,8,8,8,7,7,7,6,6,6,6,6,6,5,5,5,5,5,5,5,NaN
20,20,20,19,19,19,19,19,18,18,18,17,17,17,16,16,16,16,15,15,15,15,15,15,14,14,14,14,14,15,15,15,15,15,15,15,15,15,14,14,14,13,12,12,11,11,10,9,9,8,8,7,7,7,6,6,NaN
13,12,12,12,11,11,11,11,10,10,10,9,9,9,8,8,8,7,7,7,7,7,6,6,6,6,5,5,5,5,5,5,5,6,6,6,6,6,6,6,6,6,6,7,7,7,7,7,7,7,7,7,7,7,7,8,NaN
29,28,28,27,27,26,25,25,24,23,22,22,22,23,25,26,27,28,28,27,26,25,23,21,20,19,18,17,16,16,15,15,14,14,13,13,12,11,11,10,9,9,8,7,7,7,6,6,6,6,6,6,6,6,6,6,NaN
24,23,22,22,21,21,20,20,19,19,18,18,17,17,17,16,16,15,15,15,14,14,14,13,13,13,12,12,12,12,12,11,11,12,12,12,12,12,12,12,12,12,12,12,12,11,11,11,10,10,10,9,9,9,8,8,NaN
9,8,8,8,8,7,7,7,7,6,6,6,6,6,6,6,6,6,6,6,6,6,5,5,5,5,5,5,5,5,5,6,6,6,6,6,6,6,6,6,6,6,6,6,6,6,6,6,6,6,6,6,6,6,6,5,NaN
8,8,8,8,7,7,7,7,7,7,7,7,7,7,7,7,7,7,7,7,7,7,7,7,7,7,7,7,7,7,7,7,7,7,7,7,7,7,7,7,8,8,8,8,8,8,8,8,8,8,9,9,9,9,9,9,NaN
23,22,22,21,20,19,19,18,17,16,15,14,13,13,12,11,11,10,9,9,8,8,8,7,7,7,7,6,6,6,6,6,5,5,5,5,5,5,5,5,5,5,5,5,5,5,5,6,6,6,6,6,6,6,6,6,NaN
20,19,19,18,17,17,16,16,15,15,14,14,14,13,13,13,12,12,12,11,11,10,10,10,9,9,9,8,8,8,8,8,7,7,7,7,7,6,6,6,6,6,6,6,5,5,5,5,5,5,5,5,5,5,5,5,NaN
15,15,15,14,14,13,13,12,12,12,11,11,11,11,10,10,10,10,10,9,9,9,9,9,9,9,9,9,8,8,8,8,8,8,8,8,8,7,7,7,7,7,7,7,7,7,7,7,7,7,7,7,7,7,7,7,NaN
NaN,NaN,NaN,NaN,NaN,NaN,NaN,NaN,NaN,NaN,NaN,NaN,NaN,NaN,NaN,NaN,NaN,NaN,NaN,NaN,NaN,NaN,NaN,NaN,NaN,NaN,NaN,NaN,NaN,NaN,NaN,NaN,NaN,NaN,NaN,NaN,NaN,NaN,NaN,NaN,NaN,NaN,NaN,NaN,NaN,NaN,NaN,NaN,NaN,NaN,NaN,NaN,NaN,NaN,NaN,NaN,NaN
NaN,NaN,NaN,NaN,NaN,NaN,NaN,NaN,NaN,NaN,NaN,NaN,NaN,NaN,NaN,NaN,NaN,NaN,NaN,NaN,NaN,NaN,NaN,NaN,NaN,NaN,NaN,NaN,NaN,NaN,NaN,NaN,NaN,NaN,NaN,NaN,NaN,NaN,NaN,NaN,NaN,NaN,NaN,NaN,NaN,NaN,NaN,NaN,NaN,NaN,NaN,NaN,NaN,NaN,NaN,NaN,NaN
20,20,19,19,18,18,17,17,17,17,16,16,16,16,16,16,16,16,16,16,16,16,16,17,17,17,17,18,18,18,18,18,18,19,18,18,18,18,17,17,16,15,15,14,13,13,12,12,11,11,10,10,10,9,9,9,NaN
8,8,8,8,8,8,8,8,8,8,8,9,9,9,9,9,10,10,10,11,11,11,11,11,12,11,11,11,11,11,12,12,13,14,14,15,15,14,14,14,15,15,15,16,16,16,16,16,16,15,15,14,14,14,14,14,NaN
15,14,13,12,11,10,9,9,8,7,7,6,6,5,5,5,4,4,4,4,3,3,3,3,3,3,3,2,2,2,2,2,2,2,2,2,2,2,2,1,1,1,1,1,1,1,1,1,1,1,1,1,1,1,1,1,NaN
11,12,11,12,11,11,11,11,11,11,11,11,12,11,11,11,12,11,11,12,11,11,11,11,11,11,11,11,11,11,11,11,11,11,10,11,10,10,10,10,10,10,10,10,9,9,9,9,9,9,8,8,8,9,8,9,NaN
9,9,9,9,9,9,9,9,9,9,9,9,9,9,9,8,8,8,8,8,8,8,8,8,8,8,8,8,8,8,8,8,8,8,8,8,8,8,8,8,8,8,8,8,8,8,8,8,8,7,8,8,8,8,8,8,NaN
19,13,10,10,11,10,9,9,9,9,8,8,8,8,8,8,8,7,7,7,7,7,7,7,7,7,7,7,7,7,7,7,7,7,7,7,7,7,7,7,7,7,7,7,7,7,7,7,7,7,7,7,7,7,7,7,NaN
9,9,9,9,9,9,9,9,9,9,9,9,9,10,10,10,10,10,10,10,9,9,9,9,9,9,9,9,9,9,9,9,9,9,9,9,9,9,9,9,9,9,9,9,9,9,9,9,9,9,9,9,9,9,9,9,NaN
13,13,13,12,12,11,11,11,10,10,10,10,9,9,9,9,9,9,8,7,7,7,7,7,7,7,7,7,6,6,6,6,6,6,6,6,6,5,5,5,5,5,5,5,5,5,5,5,5,4,4,4,4,4,4,4,NaN
18,17,17,16,16,15,15,14,14,13,13,13,12,12,12,11,11,11,10,10,10,9,9,9,9,9,8,8,8,8,8,7,7,7,7,7,7,6,6,6,6,6,5,5,5,5,5,5,5,4,4,4,4,4,4,4,NaN
10,9,9,9,8,8,8,7,7,7,6,6,6,6,6,6,5,5,5,5,5,5,5,5,5,5,5,5,5,5,5,5,5,5,5,5,5,5,5,4,4,4,4,5,5,5,5,5,5,5,5,5,5,5,5,5,NaN
12,11,11,10,10,10,10,10,10,11,11,11,11,11,11,10,9,8,8,7,7,7,7,6,6,6,6,6,6,6,6,6,6,6,5,5,5,5,5,5,5,5,5,5,5,5,5,5,5,5,5,5,5,5,5,5,NaN
10,9,9,9,8,8,8,7,7,7,6,6,6,5,5,5,5,5,5,5,5,5,5,5,5,5,5,5,4,4,4,4,4,4,4,5,5,5,5,5,6,5,5,5,5,6,6,6,6,6,7,7,7,8,8,8,NaN
NaN,NaN,NaN,NaN,NaN,NaN,NaN,NaN,NaN,NaN,NaN,NaN,NaN,NaN,NaN,NaN,NaN,NaN,NaN,NaN,NaN,NaN,NaN,NaN,NaN,NaN,NaN,NaN,NaN,NaN,6,6,6,5,5,5,5,4,4,4,4,4,4,4,4,4,3,3,3,3,3,3,3,3,3,3,NaN
17,15,13,13,13,13,12,12,12,12,11,11,11,11,11,11,10,10,10,10,10,10,10,10,9,9,9,9,9,9,9,9,9,9,9,8,8,8,8,8,8,8,8,8,8,8,8,8,8,8,7,7,7,7,7,7,NaN
30,30,30,29,29,28,27,26,26,25,24,23,23,22,21,20,20,19,18,17,16,16,15,14,14,13,12,12,12,11,11,11,11,10,10,10,10,9,9,9,9,8,8,8,8,8,8,7,7,7,7,7,7,7,6,6,NaN
19,19,19,18,18,18,18,17,17,17,16,16,16,15,15,15,15,15,14,14,14,14,15,15,15,16,16,17,17,18,18,19,19,19,19,19,19,19,19,18,18,17,16,16,15,14,13,12,12,11,10,10,9,9,9,8,NaN
15,15,15,14,14,14,14,13,13,13,13,12,12,12,12,12,11,11,11,10,10,9,9,9,8,8,8,8,8,8,8,9,10,11,12,13,14,15,16,17,18,19,19,19,19,18,17,16,15,14,13,12,11,10,9,9,NaN
